<?xml version="1.0" encoding="utf-8"?>
<!DOCTYPE hibernate-mapping PUBLIC "-//Hibernate/Hibernate Mapping DTD 3.0//EN"
"http://hibernate.sourceforge.net/hibernate-mapping-3.0.dtd">
<!-- 
    Mapping file autogenerated by MyEclipse Persistence Tools
-->
<hibernate-mapping>
    <class name="po.PaperQuestion" table="paper_question" schema="dbo" catalog="exam">
        <id name="pqid" type="java.lang.Integer">
            <column name="pqid" />
            <generator class="native" />
        </id>
        <property name="pid" type="java.lang.Integer">
            <column name="pid" not-null="true" />
        </property>
        <property name="qid" type="java.lang.Integer">
            <column name="qid" not-null="true" />
        </property>
    </class>
</hibernate-mapping>
